<?xml version="1.0" encoding="UTF-8"?>
<Configuration status="WARN" monitorInterval="30">
    <Properties>
        <Property name="LOG_PATTERN">%d{yyyy-MM-dd HH:mm:ss} %-5p %c (%F:%L) - %m%n</Property>
<!--        <Property name="APP_LOG_ROOT">/home/administrator/API-D2K</Property>-->
        <Property name="APP_LOG_ROOT">/home/oracle</Property>
    </Properties>
    <Appenders>
        <Console name="ConsoleAppender" target="SYSTEM_OUT" follow="true">
            <PatternLayout pattern="${LOG_PATTERN}"/>
        </Console>
        <RollingFile name="ControllerFileAppender"
                     fileName="${APP_LOG_ROOT}/log/videokyc/videokyc-controller.log"
                     filePattern="${APP_LOG_ROOT}/log/videokyc/videokyc-controller-%i.log">
            <PatternLayout pattern="${LOG_PATTERN}" />
            <Policies>
                <SizeBasedTriggeringPolicy size="10000KB" />
            </Policies>
            <DefaultRolloverStrategy max="10" />
        </RollingFile>
        <RollingFile name="ServiceFileAppender"
                     fileName="${APP_LOG_ROOT}/log/videokyc/videokyc-service.log"
                     filePattern="${APP_LOG_ROOT}/log/videokyc/videokyc-service-%i.log">
            <PatternLayout pattern="${LOG_PATTERN}" />
            <Policies>
                <SizeBasedTriggeringPolicy size="10000KB" />
            </Policies>
            <DefaultRolloverStrategy max="10" />
        </RollingFile>
        <RollingFile name="RootFileAppender"
                     fileName="${APP_LOG_ROOT}/log/videokyc/videokyc-console.log"
                     filePattern="${APP_LOG_ROOT}/log/videokyc/videokyc-console-%i.log">
            <PatternLayout pattern="${LOG_PATTERN}" />
            <Policies>
                <SizeBasedTriggeringPolicy size="10000KB" />
            </Policies>
            <DefaultRolloverStrategy max="10" />
        </RollingFile>
    </Appenders>
    <Loggers>
        <Logger name="com.example.videokycapi.controller" level="debug" additivity="false">
            <AppenderRef ref="ControllerFileAppender" />
        </Logger>
        <Logger name="com.example.videokycapi.service" level="debug" additivity="false">
            <AppenderRef ref="ServiceFileAppender" />
        </Logger>

        <Root level="error">
            <AppenderRef ref="ConsoleAppender" />
            <AppenderRef ref="RootFileAppender" />
        </Root>
    </Loggers>
</Configuration>